{
	"credit": "Made with Blockbench",
	"ambientocclusion": false,
	"textures": {
		"1": "block/stem_leaf",
		"2": "block/attached_stem",
		"particle": "block/stem",
		"stem": "block/stem"
	},
	"elements": [
		{
			"from": [0, -1, 8],
			"to": [16, 7, 8],
			"rotation": {"angle": 45, "axis": "y", "origin": [8, 8, 8], "rescale": true},
			"faces": {
				"north": {"uv": [0, 0, 16, 8], "texture": "#stem"},
				"south": {"uv": [16, 0, 0, 8], "texture": "#stem"}
			}
		},
		{
			"from": [8, -1, 0],
			"to": [8, 7, 16],
			"rotation": {"angle": 45, "axis": "y", "origin": [8, 8, 8], "rescale": true},
			"faces": {
				"east": {"uv": [16, 0, 0, 8], "texture": "#stem"},
				"west": {"uv": [0, 0, 16, 8], "texture": "#stem"}
			}
		},
		{
			"from": [-3, -1, 4],
			"to": [7, -1, 12],
			"rotation": {"angle": -22.5, "axis": "z", "origin": [8, -1, 8]},
			"faces": {
				"north": {"uv": [0, 0, 2, 2], "texture": "#missing"},
				"east": {"uv": [0, 0, 2, 2], "texture": "#missing"},
				"south": {"uv": [0, 0, 2, 2], "texture": "#missing"},
				"west": {"uv": [0, 0, 2, 2], "texture": "#missing"},
				"up": {"uv": [0, 0, 8, 10], "rotation": 90, "texture": "#1"},
				"down": {"uv": [0, 0, 8, 10], "rotation": 90, "texture": "#1"}
			}
		},
		{
			"from": [3, -1, 9],
			"to": [11, -1, 19],
			"rotation": {"angle": -22.5, "axis": "x", "origin": [8, -1, 8]},
			"faces": {
				"north": {"uv": [0, 0, 2, 2], "texture": "#missing"},
				"east": {"uv": [0, 0, 2, 2], "texture": "#missing"},
				"south": {"uv": [0, 0, 2, 2], "texture": "#missing"},
				"west": {"uv": [0, 0, 2, 2], "texture": "#missing"},
				"up": {"uv": [0, 0, 8, 10], "texture": "#1"},
				"down": {"uv": [0, 0, 8, 10], "rotation": 180, "texture": "#1"}
			}
		},
		{
			"from": [9, -1, 3],
			"to": [19, -1, 11],
			"rotation": {"angle": 22.5, "axis": "z", "origin": [8, -1, 8]},
			"faces": {
				"north": {"uv": [0, 0, 2, 2], "texture": "#missing"},
				"east": {"uv": [0, 0, 2, 2], "texture": "#missing"},
				"south": {"uv": [0, 0, 2, 2], "texture": "#missing"},
				"west": {"uv": [0, 0, 2, 2], "texture": "#missing"},
				"up": {"uv": [0, 0, 8, 10], "rotation": 270, "texture": "#1"},
				"down": {"uv": [0, 0, 8, 10], "rotation": 270, "texture": "#1"}
			}
		},
		{
			"from": [3, -1, -3],
			"to": [11, -1, 7],
			"rotation": {"angle": 22.5, "axis": "x", "origin": [8, -1, 8]},
			"faces": {
				"north": {"uv": [0, 0, 2, 2], "texture": "#missing"},
				"east": {"uv": [0, 0, 2, 2], "texture": "#missing"},
				"south": {"uv": [0, 0, 2, 2], "texture": "#missing"},
				"west": {"uv": [0, 0, 2, 2], "texture": "#missing"},
				"up": {"uv": [0, 0, 8, 10], "rotation": 180, "texture": "#1"},
				"down": {"uv": [0, 0, 8, 10], "texture": "#1"}
			}
		},
		{
			"from": [0, -1, 8],
			"to": [9, 15, 8],
			"faces": {
				"north": {"uv": [9, 0, 0, 16], "texture": "#2"},
				"south": {"uv": [0, 0, 9, 16], "texture": "#2"}
			}
		}
	],
	"groups": [
		0,
		1,
		{
			"name": "group",
			"origin": [8, 8, 8],
			"color": 0,
			"children": [2, 3, 4, 5]
		},
		6
	]
}