{
	"credit": "Made with Blockbench",
	"textures": {
		"side": "block/birch_fence_side",
		"top": "block/birch_fence_top",
		"particle": "block/birch_planks"
	},
	"elements": [
		{
			"name": "Center post",
			"from": [6, 0, 6],
			"to": [10, 16, 10],
			"faces": {
				"north": {"uv": [6, 0, 10, 16], "texture": "#side"},
				"east": {"uv": [6, 0, 10, 16], "texture": "#side"},
				"south": {"uv": [6, 0, 10, 16], "texture": "#side"},
				"west": {"uv": [6, 0, 10, 16], "texture": "#side"},
				"up": {"uv": [6, 6, 10, 10], "texture": "#top", "cullface": "up"},
				"down": {"uv": [6, 6, 10, 10], "texture": "#top", "cullface": "down"}
			}
		}
	]
}