{
	"credit": "Made with Blockbench",
	"parent": "minecraft:block/orientable_with_bottom",
	"textures": {
		"bottom": "block/blast_furnace_bottom",
		"front": "block/blast_furnace_front_on",
		"side": "block/blast_furnace_side",
		"top": "block/blast_furnace_top"
	},
	"elements": [
		{
			"from": [0, 0, 0],
			"to": [16, 16, 16],
			"faces": {
				"north": {"uv": [0, 0, 16, 16], "texture": "#front"},
				"east": {"uv": [0, 0, 16, 16], "texture": "#side"},
				"south": {"uv": [0, 0, 16, 16], "texture": "#side"},
				"west": {"uv": [0, 0, 16, 16], "texture": "#side"},
				"up": {"uv": [0, 0, 16, 16], "texture": "#top"},
				"down": {"uv": [0, 0, 16, 16], "texture": "#bottom"}
			}
		}
	]
}