{
	"credit": "Made with Blockbench",
	"parent": "minecraft:block/cross",
	"textures": {
		"3": "block/brown_mushroom_block",
		"4": "block/mushroom_stem",
		"5": "block/mushroom_block_inside",
		"particle": "block/brown_mushroom_block"
	},
	"elements": [
		{
			"from": [6, 0, 6],
			"to": [8, 4, 8],
			"rotation": {"angle": 0, "axis": "y", "origin": [8, 0, 8]},
			"faces": {
				"north": {"uv": [8, 0, 10, 4], "texture": "#4"},
				"east": {"uv": [8, 0, 10, 4], "texture": "#4"},
				"south": {"uv": [8, 0, 10, 4], "texture": "#4"},
				"west": {"uv": [8, 0, 10, 4], "texture": "#4"},
				"up": {"uv": [8, 6, 10, 8], "texture": "#5"},
				"down": {"uv": [8, 6, 10, 8], "texture": "#5"}
			}
		},
		{
			"from": [4, 3, 4],
			"to": [10, 5, 10],
			"faces": {
				"north": {"uv": [1, 7, 7, 9], "texture": "#3"},
				"east": {"uv": [1, 7, 7, 9], "texture": "#3"},
				"south": {"uv": [1, 7, 7, 9], "texture": "#3"},
				"west": {"uv": [1, 7, 7, 9], "texture": "#3"},
				"up": {"uv": [10, 9, 16, 15], "texture": "#3"},
				"down": {"uv": [1, 0, 7, 6], "texture": "#5"}
			}
		}
	],
	"groups": [
		{
			"name": "group",
			"origin": [8, 8, 8],
			"color": 0,
			"children": [0, 1]
		}
	]
}