{
	"credit": "Made with Blockbench",
	"parent": "minecraft:block/crop",
	"textures": {
		"1": "block/carrots_stage3_vegitable",
		"crop": "block/carrots_stage3",
		"particle": "block/carrots_stage3_vegitable"
	},
	"elements": [
		{
			"from": [0, -1, 12],
			"to": [16, 15, 12],
			"shade": false,
			"faces": {
				"north": {"uv": [16, 0, 0, 16], "texture": "#crop"},
				"east": {"uv": [0, 0, 0, 0], "texture": "#crop"},
				"south": {"uv": [0, 0, 16, 16], "texture": "#crop"},
				"west": {"uv": [0, 0, 0, 0], "texture": "#crop"},
				"up": {"uv": [0, 0, 0, 0], "texture": "#crop"},
				"down": {"uv": [0, 0, 0, 0], "texture": "#crop"}
			}
		},
		{
			"from": [0, -1, 4],
			"to": [16, 15, 4],
			"shade": false,
			"faces": {
				"north": {"uv": [0, 0, 16, 16], "texture": "#crop"},
				"east": {"uv": [0, 0, 0, 0], "texture": "#crop"},
				"south": {"uv": [16, 0, 0, 16], "texture": "#crop"},
				"west": {"uv": [0, 0, 0, 0], "texture": "#crop"},
				"up": {"uv": [0, 0, 0, 0], "texture": "#crop"},
				"down": {"uv": [0, 0, 0, 0], "texture": "#crop"}
			}
		},
		{
			"from": [12, -1, 0],
			"to": [12, 15, 16],
			"shade": false,
			"faces": {
				"north": {"uv": [0, 0, 0, 0], "texture": "#crop"},
				"east": {"uv": [0, 0, 16, 16], "texture": "#crop"},
				"south": {"uv": [0, 0, 0, 0], "texture": "#crop"},
				"west": {"uv": [16, 0, 0, 16], "texture": "#crop"},
				"up": {"uv": [0, 0, 0, 0], "texture": "#crop"},
				"down": {"uv": [0, 0, 0, 0], "texture": "#crop"}
			}
		},
		{
			"from": [4, -1, 0],
			"to": [4, 15, 16],
			"shade": false,
			"faces": {
				"north": {"uv": [0, 0, 0, 0], "texture": "#crop"},
				"east": {"uv": [16, 0, 0, 16], "texture": "#crop"},
				"south": {"uv": [0, 0, 0, 0], "texture": "#crop"},
				"west": {"uv": [0, 0, 16, 16], "texture": "#crop"},
				"up": {"uv": [0, 0, 0, 0], "texture": "#crop"},
				"down": {"uv": [0, 0, 0, 0], "texture": "#crop"}
			}
		},
		{
			"from": [10, -1, 9],
			"to": [14, 1, 13],
			"faces": {
				"north": {"uv": [0, 14, 4, 16], "texture": "#1"},
				"east": {"uv": [0, 14, 4, 16], "texture": "#1"},
				"south": {"uv": [0, 14, 4, 16], "texture": "#1"},
				"west": {"uv": [0, 14, 4, 16], "texture": "#1"},
				"up": {"uv": [4, 12, 8, 16], "texture": "#1"},
				"down": {"uv": [4, 12, 8, 16], "texture": "#1"}
			}
		},
		{
			"from": [3, -1, 10],
			"to": [7, 1, 14],
			"faces": {
				"north": {"uv": [0, 14, 4, 16], "texture": "#1"},
				"east": {"uv": [0, 14, 4, 16], "texture": "#1"},
				"south": {"uv": [0, 14, 4, 16], "texture": "#1"},
				"west": {"uv": [0, 14, 4, 16], "texture": "#1"},
				"up": {"uv": [4, 12, 8, 16], "texture": "#1"},
				"down": {"uv": [4, 12, 8, 16], "texture": "#1"}
			}
		},
		{
			"from": [9, -1, 2],
			"to": [13, 1, 6],
			"faces": {
				"north": {"uv": [0, 14, 4, 16], "texture": "#1"},
				"east": {"uv": [0, 14, 4, 16], "texture": "#1"},
				"south": {"uv": [0, 14, 4, 16], "texture": "#1"},
				"west": {"uv": [0, 14, 4, 16], "texture": "#1"},
				"up": {"uv": [4, 12, 8, 16], "texture": "#1"},
				"down": {"uv": [4, 12, 8, 16], "texture": "#1"}
			}
		},
		{
			"from": [2, -1, 3],
			"to": [6, 1, 7],
			"faces": {
				"north": {"uv": [0, 14, 4, 16], "texture": "#1"},
				"east": {"uv": [0, 14, 4, 16], "texture": "#1"},
				"south": {"uv": [0, 14, 4, 16], "texture": "#1"},
				"west": {"uv": [0, 14, 4, 16], "texture": "#1"},
				"up": {"uv": [4, 12, 8, 16], "texture": "#1"},
				"down": {"uv": [4, 12, 8, 16], "texture": "#1"}
			}
		}
	],
	"groups": [
		{
			"name": "crop",
			"origin": [8, 8, 8],
			"color": 0,
			"children": [0, 1, 2, 3, 4, 5, 6, 7]
		}
	]
}