{
	"credit": "Made with Blockbench",
	"parent": "block/block",
	"textures": {
		"2": "block/chorus_flower_petal",
		"bottom": "block/chorus_plant",
		"particle": "block/chorus_flower",
		"texture": "block/chorus_flower"
	},
	"elements": [
		{
			"from": [2, 14, 2],
			"to": [14, 16, 14],
			"faces": {
				"north": {"uv": [2, 0, 14, 2], "texture": "#bottom"},
				"east": {"uv": [2, 0, 14, 2], "texture": "#bottom"},
				"south": {"uv": [2, 0, 14, 2], "texture": "#bottom"},
				"west": {"uv": [2, 0, 14, 2], "texture": "#bottom"},
				"up": {"uv": [2, 2, 14, 14], "texture": "#texture"}
			}
		},
		{
			"from": [0, 2, 2],
			"to": [2, 14, 14],
			"faces": {
				"north": {"uv": [14, 2, 16, 14], "texture": "#bottom"},
				"south": {"uv": [0, 2, 2, 14], "texture": "#bottom"},
				"west": {"uv": [2, 2, 14, 14], "texture": "#texture"},
				"up": {"uv": [0, 2, 2, 14], "texture": "#bottom"},
				"down": {"uv": [16, 14, 14, 2], "texture": "#bottom"}
			}
		},
		{
			"from": [2, 2, 0],
			"to": [14, 14, 2],
			"faces": {
				"north": {"uv": [2, 2, 14, 14], "texture": "#texture"},
				"east": {"uv": [14, 2, 16, 14], "texture": "#bottom"},
				"west": {"uv": [0, 2, 2, 14], "texture": "#bottom"},
				"up": {"uv": [2, 0, 14, 2], "texture": "#bottom"},
				"down": {"uv": [14, 2, 2, 0], "texture": "#bottom"}
			}
		},
		{
			"from": [2, 2, 14],
			"to": [14, 14, 16],
			"faces": {
				"east": {"uv": [0, 2, 2, 14], "texture": "#bottom"},
				"south": {"uv": [2, 2, 14, 14], "texture": "#texture"},
				"west": {"uv": [14, 2, 16, 14], "texture": "#bottom"},
				"up": {"uv": [2, 14, 14, 16], "texture": "#bottom"},
				"down": {"uv": [14, 16, 2, 14], "texture": "#bottom"}
			}
		},
		{
			"from": [14, 2, 2],
			"to": [16, 14, 14],
			"faces": {
				"north": {"uv": [0, 2, 2, 14], "texture": "#bottom"},
				"east": {"uv": [2, 2, 14, 14], "texture": "#texture"},
				"south": {"uv": [14, 2, 16, 14], "texture": "#bottom"},
				"up": {"uv": [14, 2, 16, 14], "texture": "#bottom"},
				"down": {"uv": [2, 14, 0, 2], "texture": "#bottom"}
			}
		},
		{
			"from": [2, 0, 2],
			"to": [14, 14, 14],
			"faces": {
				"north": {"uv": [2, 2, 14, 16], "texture": "#bottom"},
				"east": {"uv": [2, 2, 14, 16], "texture": "#bottom"},
				"south": {"uv": [2, 2, 14, 16], "texture": "#bottom"},
				"west": {"uv": [2, 2, 14, 16], "texture": "#bottom"},
				"up": {"uv": [2, 2, 14, 14], "texture": "#bottom"},
				"down": {"uv": [14, 14, 2, 2], "texture": "#bottom"}
			}
		},
		{
			"from": [2, 16, 1],
			"to": [14, 16, 8],
			"rotation": {"angle": 22.5, "axis": "x", "origin": [8, 16, 8]},
			"faces": {
				"north": {"uv": [0, 0, 12, 0], "texture": "#missing"},
				"east": {"uv": [0, 0, 5, 0], "texture": "#missing"},
				"south": {"uv": [0, 0, 12, 0], "texture": "#missing"},
				"west": {"uv": [0, 0, 5, 0], "texture": "#missing"},
				"up": {"uv": [2, 1, 14, 8], "texture": "#2"},
				"down": {"uv": [2, 8, 14, 1], "texture": "#2"}
			}
		},
		{
			"from": [2, 16, 8],
			"to": [14, 16, 15],
			"rotation": {"angle": -22.5, "axis": "x", "origin": [8, 16, 8]},
			"faces": {
				"north": {"uv": [0, 0, 12, 0], "texture": "#missing"},
				"east": {"uv": [0, 0, 5, 0], "texture": "#missing"},
				"south": {"uv": [0, 0, 12, 0], "texture": "#missing"},
				"west": {"uv": [0, 0, 5, 0], "texture": "#missing"},
				"up": {"uv": [2, 1, 14, 8], "rotation": 180, "texture": "#2"},
				"down": {"uv": [2, 8, 14, 1], "rotation": 180, "texture": "#2"}
			}
		},
		{
			"from": [1, 16, 2],
			"to": [8, 16, 14],
			"rotation": {"angle": -22.5, "axis": "z", "origin": [8, 16, 8]},
			"faces": {
				"north": {"uv": [0, 0, 5, 0], "texture": "#missing"},
				"east": {"uv": [0, 0, 12, 0], "texture": "#missing"},
				"south": {"uv": [0, 0, 5, 0], "texture": "#missing"},
				"west": {"uv": [0, 0, 12, 0], "texture": "#missing"},
				"up": {"uv": [2, 1, 14, 8], "rotation": 270, "texture": "#2"},
				"down": {"uv": [2, 8, 14, 1], "rotation": 90, "texture": "#2"}
			}
		},
		{
			"from": [8, 16, 2],
			"to": [15, 16, 14],
			"rotation": {"angle": 22.5, "axis": "z", "origin": [8, 16, 8]},
			"faces": {
				"north": {"uv": [0, 0, 5, 0], "texture": "#missing"},
				"east": {"uv": [0, 0, 12, 0], "texture": "#missing"},
				"south": {"uv": [0, 0, 5, 0], "texture": "#missing"},
				"west": {"uv": [0, 0, 12, 0], "texture": "#missing"},
				"up": {"uv": [2, 1, 14, 8], "rotation": 90, "texture": "#2"},
				"down": {"uv": [2, 8, 14, 1], "rotation": 270, "texture": "#2"}
			}
		}
	],
	"groups": [
		0,
		1,
		2,
		3,
		4,
		5,
		{
			"name": "flower",
			"origin": [8, 8, 8],
			"color": 0,
			"children": [6, 7, 8, 9]
		}
	]
}