{
	"credit": "Made with Blockbench",
	"parent": "block/block",
	"textures": {
		"4": "block/crafting_table_side_1",
		"5": "block/crafting_table_side_2",
		"north": "block/crafting_table_front",
		"east": "block/crafting_table_side",
		"particle": "block/crafting_table_side_1",
		"up": "block/crafting_table_top",
		"down": "block/crafting_table_bottom"
	},
	"elements": [
		{
			"from": [0, 0, 0],
			"to": [16, 16, 16],
			"faces": {
				"north": {"uv": [0, 0, 16, 16], "texture": "#north", "cullface": "north"},
				"east": {"uv": [0, 0, 16, 16], "texture": "#east", "cullface": "east"},
				"south": {"uv": [0, 0, 16, 16], "texture": "#5", "cullface": "south"},
				"west": {"uv": [0, 0, 16, 16], "texture": "#4", "cullface": "west"},
				"up": {"uv": [0, 0, 16, 16], "texture": "#up", "cullface": "up"},
				"down": {"uv": [0, 0, 16, 16], "texture": "#down", "cullface": "down"}
			}
		}
	]
}