{
	"credit": "Made with Blockbench",
	"parent": "block/unshaded_cube_all",
	"texture_size": [128, 64],
	"textures": {
		"0": "block/end_crystal",
		"particle": "block/end_crystal"
	},
	"elements": [
		{
			"from": [3, 3, 3],
			"to": [13, 13, 13],
			"faces": {
				"north": {"uv": [10, 4, 12, 8], "texture": "#0"},
				"east": {"uv": [8, 4, 10, 8], "texture": "#0"},
				"south": {"uv": [14, 4, 16, 8], "texture": "#0"},
				"west": {"uv": [12, 4, 14, 8], "texture": "#0"},
				"up": {"uv": [10, 0, 12, 4], "texture": "#0"},
				"down": {"uv": [12, 0, 14, 4], "texture": "#0"}
			}
		},
		{
			"from": [1, 1, 1],
			"to": [15, 15, 15],
			"faces": {
				"north": {"uv": [2, 4, 4, 8], "texture": "#0"},
				"east": {"uv": [0, 4, 2, 8], "texture": "#0"},
				"south": {"uv": [6, 4, 8, 8], "texture": "#0"},
				"west": {"uv": [4.125, 4, 6.125, 8], "texture": "#0"},
				"up": {"uv": [2, 0, 4, 4], "texture": "#0"},
				"down": {"uv": [4, 0, 6, 4], "texture": "#0"}
			}
		}
	]
}