{
	"credit": "Made with Blockbench",
	"textures": {
		"particle": "block/heavy_core",
		"all": "block/heavy_core"
	},
	"elements": [
		{
			"name": "heavy_core",
			"from": [5, 1, 5],
			"to": [11, 7, 11],
			"faces": {
				"north": {"uv": [9, 9, 15, 15], "texture": "#all"},
				"east": {"uv": [9, 9, 15, 15], "texture": "#all"},
				"south": {"uv": [9, 9, 15, 15], "texture": "#all"},
				"west": {"uv": [9, 9, 15, 15], "texture": "#all"},
				"up": {"uv": [9, 9, 15, 15], "texture": "#all"},
				"down": {"uv": [9, 9, 15, 15], "texture": "#all"}
			}
		},
		{
			"from": [4, 0, 4],
			"to": [7, 3, 7],
			"faces": {
				"north": {"uv": [5, 5, 8, 8], "texture": "#all"},
				"east": {"uv": [0, 0, 3, 3], "texture": "#all"},
				"south": {"uv": [5, 0, 8, 3], "texture": "#all"},
				"west": {"uv": [0, 5, 3, 8], "texture": "#all"},
				"up": {"uv": [5, 5, 8, 8], "texture": "#all"},
				"down": {"uv": [0, 5, 3, 8], "texture": "#all"}
			}
		},
		{
			"from": [4, 0, 9],
			"to": [7, 3, 12],
			"faces": {
				"north": {"uv": [0, 0, 3, 3], "texture": "#all"},
				"east": {"uv": [5, 0, 8, 3], "texture": "#all"},
				"south": {"uv": [0, 5, 3, 8], "texture": "#all"},
				"west": {"uv": [5, 5, 8, 8], "texture": "#all"},
				"up": {"uv": [5, 0, 8, 3], "texture": "#all"},
				"down": {"uv": [0, 0, 3, 3], "texture": "#all"}
			}
		},
		{
			"from": [9, 0, 4],
			"to": [12, 3, 7],
			"faces": {
				"north": {"uv": [0, 5, 3, 8], "texture": "#all"},
				"east": {"uv": [5, 5, 8, 8], "texture": "#all"},
				"south": {"uv": [0, 0, 3, 3], "texture": "#all"},
				"west": {"uv": [5, 0, 8, 3], "texture": "#all"},
				"up": {"uv": [0, 5, 3, 8], "texture": "#all"},
				"down": {"uv": [5, 5, 8, 8], "texture": "#all"}
			}
		},
		{
			"from": [9, 0, 9],
			"to": [12, 3, 12],
			"faces": {
				"north": {"uv": [5, 0, 8, 3], "texture": "#all"},
				"east": {"uv": [0, 5, 3, 8], "texture": "#all"},
				"south": {"uv": [5, 5, 8, 8], "texture": "#all"},
				"west": {"uv": [0, 0, 3, 3], "texture": "#all"},
				"up": {"uv": [0, 0, 3, 3], "texture": "#all"},
				"down": {"uv": [5, 0, 8, 3], "texture": "#all"}
			}
		},
		{
			"from": [9, 5, 9],
			"to": [12, 8, 12],
			"faces": {
				"north": {"uv": [5, 5, 8, 8], "texture": "#all"},
				"east": {"uv": [0, 0, 3, 3], "texture": "#all"},
				"south": {"uv": [5, 0, 8, 3], "texture": "#all"},
				"west": {"uv": [0, 5, 3, 8], "texture": "#all"},
				"up": {"uv": [5, 5, 8, 8], "texture": "#all"},
				"down": {"uv": [0, 5, 3, 8], "texture": "#all"}
			}
		},
		{
			"from": [9, 5, 4],
			"to": [12, 8, 7],
			"faces": {
				"north": {"uv": [0, 0, 3, 3], "texture": "#all"},
				"east": {"uv": [5, 0, 8, 3], "texture": "#all"},
				"south": {"uv": [0, 5, 3, 8], "texture": "#all"},
				"west": {"uv": [5, 5, 8, 8], "texture": "#all"},
				"up": {"uv": [5, 0, 8, 3], "texture": "#all"},
				"down": {"uv": [0, 0, 3, 3], "texture": "#all"}
			}
		},
		{
			"from": [4, 5, 9],
			"to": [7, 8, 12],
			"faces": {
				"north": {"uv": [0, 5, 3, 8], "texture": "#all"},
				"east": {"uv": [5, 5, 8, 8], "texture": "#all"},
				"south": {"uv": [0, 0, 3, 3], "texture": "#all"},
				"west": {"uv": [5, 0, 8, 3], "texture": "#all"},
				"up": {"uv": [0, 5, 3, 8], "texture": "#all"},
				"down": {"uv": [5, 5, 8, 8], "texture": "#all"}
			}
		},
		{
			"from": [4, 5, 4],
			"to": [7, 8, 7],
			"faces": {
				"north": {"uv": [5, 0, 8, 3], "texture": "#all"},
				"east": {"uv": [0, 5, 3, 8], "texture": "#all"},
				"south": {"uv": [5, 5, 8, 8], "texture": "#all"},
				"west": {"uv": [0, 0, 3, 3], "texture": "#all"},
				"up": {"uv": [0, 0, 3, 3], "texture": "#all"},
				"down": {"uv": [5, 0, 8, 3], "texture": "#all"}
			}
		},
		{
			"from": [6, 7, 6],
			"to": [10, 8, 10],
			"faces": {
				"north": {"uv": [2, 14, 6, 15], "texture": "#all"},
				"east": {"uv": [2, 14, 6, 15], "texture": "#all"},
				"south": {"uv": [2, 14, 6, 15], "texture": "#all"},
				"west": {"uv": [2, 14, 6, 15], "texture": "#all"},
				"up": {"uv": [2, 10, 6, 14], "texture": "#all"},
				"down": {"uv": [2, 10, 6, 14], "texture": "#all"}
			}
		},
		{
			"from": [6, 0, 6],
			"to": [10, 1, 10],
			"faces": {
				"north": {"uv": [2, 14, 6, 15], "texture": "#all"},
				"east": {"uv": [2, 14, 6, 15], "texture": "#all"},
				"south": {"uv": [2, 14, 6, 15], "texture": "#all"},
				"west": {"uv": [2, 14, 6, 15], "texture": "#all"},
				"up": {"uv": [2, 10, 6, 14], "texture": "#all"},
				"down": {"uv": [2, 10, 6, 14], "texture": "#all"}
			}
		}
	],
	"display": {
		"thirdperson_righthand": {
			"rotation": [45, 45, 0],
			"translation": [0, 3, 0],
			"scale": [0.5, 0.5, 0.5]
		},
		"ground": {
			"translation": [0, 3, 0],
			"scale": [0.5, 0.5, 0.5]
		},
		"gui": {
			"rotation": [30, 225, 0],
			"translation": [0, 3, 0]
		},
		"fixed": {
			"rotation": [0, 180, 0],
			"translation": [0, 4, 0]
		}
	},
	"groups": [
		0,
		{
			"name": "group",
			"origin": [0, 0, 0],
			"color": 0,
			"children": [1, 2, 3, 4]
		},
		{
			"name": "group",
			"origin": [8, 8, 8],
			"color": 0,
			"children": [5, 6, 7, 8]
		},
		9,
		10
	]
}