{
    "__comment": "Model generated using MrCrayfish's Model Creator (http://mrcrayfish.com/modelcreator/)",
"ambientocclusion": false,
    "textures": {
        "particle": "block/block/iron_bars",
        "0": "block/iron_bars"
    },
    "elements": [
        {
            "name": "Cube",
            "from": [ 7.0, 0.0, 2.0 ], 
            "to": [ 9.0, 16.0, 4.0 ], 
            "faces": {
                "north": { "texture": "#0", "uv": [ 7.0, 0.0, 9.0, 16.0 ] },
                "east": { "texture": "#0", "uv": [ 12.0, 0.0, 14.0, 16.0 ] },
                "south": { "texture": "#0", "uv": [ 7.0, 0.0, 9.0, 16.0 ] },
                "west": { "texture": "#0", "uv": [ 2.0, 0.0, 4.0, 16.0 ] },
                "up": { "texture": "#0", "uv": [ 7.0, 1.0, 9.0, 2.0 ] },
                "down": { "texture": "#0", "uv": [ 7.0, 1.0, 9.0, 2.0 ] }
            }
        },
        {
            "name": "Cube",
            "from": [ 7.0, 0.0, 7.0 ], 
            "to": [ 9.0, 16.0, 9.0 ], 
            "faces": {
                "north": { "texture": "#0", "uv": [ 7.0, 0.0, 9.0, 16.0 ] },
                "east": { "texture": "#0", "uv": [ 7.0, 0.0, 9.0, 16.0 ] },
                "south": { "texture": "#0", "uv": [ 7.0, 0.0, 9.0, 16.0 ] },
                "west": { "texture": "#0", "uv": [ 7.0, 0.0, 9.0, 16.0 ] },
                "up": { "texture": "#0", "uv": [ 7.0, 1.0, 9.0, 2.0 ] },
                "down": { "texture": "#0", "uv": [ 7.0, 1.0, 9.0, 2.0 ] }
            }
        },
        {
            "name": "Cube",
            "from": [ 7.0, 11.0, 0.0 ], 
            "to": [ 9.0, 14.0, 8.0 ], 
            "faces": {
                "north": { "texture": "#0", "uv": [ 7.0, 2.0, 9.0, 5.0 ] },
                "east": { "texture": "#0", "uv": [ 8.0, 2.0, 16.0, 5.0 ] },
                "south": { "texture": "#0", "uv": [ 7.0, 2.0, 9.0, 5.0 ] },
                "west": { "texture": "#0", "uv": [ 0.0, 2.0, 8.0, 5.0 ] },
                "up": { "texture": "#0", "uv": [ 7.0, 7.0, 9.0, 16.0 ] },
                "down": { "texture": "#0", "uv": [ 7.0, 8.0, 9.0, 16.0 ] }
            }
        },
        {
            "name": "Cube",
            "from": [ 7.0, 2.0, 0.0 ], 
            "to": [ 9.0, 3.0, 8.0 ], 
            "faces": {
                "north": { "texture": "#0", "uv": [ 7.0, 13.0, 9.0, 14.0 ] },
                "east": { "texture": "#0", "uv": [ 8.0, 13.0, 16.0, 14.0 ] },
                "south": { "texture": "#0", "uv": [ 7.0, 13.0, 9.0, 14.0 ] },
                "west": { "texture": "#0", "uv": [ 0.0, 13.0, 8.0, 14.0 ] },
                "up": { "texture": "#0", "uv": [ 16.0, 13.0, 8.0, 14.0 ], "rotation": 90 },
                "down": { "texture": "#0", "uv": [ 8.0, 13.0, 16.0, 14.0 ], "rotation": 90 }
            }
        }
    ]
}