{
	"parent": "block/door_top_rh",
    "ambientocclusion": false,
    "textures": {
        "particle": "block/jungle_door_top",
        "0": "block/jungle_door_side",
        "1": "block/jungle_door_top"
    },
    "elements": [
        {
            "name": "Element",
            "from": [ 0.0, 0.0, 0.0 ], 
            "to": [ 3.0, 15.0, 16.0 ], 
            "faces": {
                "north": { "texture": "#0", "uv": [ 3.0, 0.0, 0.0, 15.0 ] },
                "east": { "texture": "#1", "uv": [ 16.0, 1.0, 0.0, 16.0 ] },
                "south": { "texture": "#0", "uv": [ 0.0, 0.0, 3.0, 15.0 ] },
                "west": { "texture": "#1", "uv": [ 0.0, 1.0, 16.0, 16.0 ] },
                "up": { "texture": "#0", "uv": [ 8.0, 16.0, 11.0, 0.0 ] }
            }
        },
        {
            "name": "Element",
            "from": [ 0.0, 14.0, 11.0 ], 
            "to": [ 3.0, 16.0, 16.0 ], 
            "faces": {
                "north": { "texture": "#0", "uv": [ 3.0, 0.0, 0.0, 2.0 ] },
                "east": { "texture": "#1", "uv": [ 16.0, 0.0, 11.0, 2.0 ] },
                "south": { "texture": "#0", "uv": [ 0.0, 0.0, 3.0, 2.0 ] },
                "west": { "texture": "#1", "uv": [ 11.0, 0.0, 16.0, 2.0 ] },
                "up": { "texture": "#0", "uv": [ 0.0, 5.0, 3.0, 0.0 ] }
            }
        },
        {
            "name": "Element",
            "from": [ 0.0, 14.0, 3.0 ], 
            "to": [ 3.0, 16.0, 8.0 ], 
            "faces": {
                "north": { "texture": "#0", "uv": [ 3.0, 0.0, 0.0, 2.0 ] },
                "east": { "texture": "#1", "uv": [ 8.0, 0.0, 3.0, 2.0 ] },
                "south": { "texture": "#0", "uv": [ 0.0, 0.0, 3.0, 2.0 ] },
                "west": { "texture": "#1", "uv": [ 3.0, 0.0, 8.0, 2.0 ] },
                "up": { "texture": "#0", "uv": [ 0.0, 9.0, 3.0, 4.0 ] }
            }
        }
    ]
}