{
    "variants": {
        "type=bottom": [
			{ "model": "block/mossy_cobblestone_slab" },
			{ "model": "block/mossy_cobblestone/slab/l1" },
			{ "model": "block/mossy_cobblestone/slab/l2" }
		],
        "type=top": [
			{ "model": "block/mossy_cobblestone_slab_top" },
			{ "model": "block/mossy_cobblestone/slab/u1" },
			{ "model": "block/mossy_cobblestone/slab/u2" }		
		],
		"type=double": [
			{ "model": "block/mossy_cobblestone" },
			{ "model": "block/mossy_cobblestone/1" },
			{ "model": "block/mossy_cobblestone/2" }
		]
    }
}