{
  "variants": {
    "age=0,half=lower": [
	{"model": "minecraft:block/pitcher_crop_bottom_stage_0"},
	{"model": "minecraft:block/pitcher_crop_bottom_stage_0", "x": 0, "y": 180},
	{"model": "minecraft:block/pitcher_crop_bottom_stage_0", "x": 0, "y": 90},
	{"model": "minecraft:block/pitcher_crop_bottom_stage_0", "x": 0, "y": 270}
  ],
    "age=0,half=upper": {"model": "minecraft:block/pitcher_crop_top_stage_0"},
    "age=1,half=lower":[
	{"model": "minecraft:block/pitcher_crop_bottom_stage_1"},
	{"model": "minecraft:block/pitcher_crop_bottom_stage_1", "x": 0, "y": 180},
	{"model": "minecraft:block/pitcher_crop_bottom_stage_1", "x": 0, "y": 90},
	{"model": "minecraft:block/pitcher_crop_bottom_stage_1", "x": 0, "y": 270}
	],
    "age=1,half=upper": {"model": "minecraft:block/pitcher_crop_top_stage_1"},
    "age=2,half=lower":[ 
	{"model": "minecraft:block/pitcher_crop_bottom_stage_2"},
	{"model": "minecraft:block/pitcher_crop_bottom_stage_2", "x": 0, "y": 180},
	{"model": "minecraft:block/pitcher_crop_bottom_stage_2", "x": 0, "y": 90},
	{"model": "minecraft:block/pitcher_crop_bottom_stage_2", "x": 0, "y": 270}
	],
    "age=2,half=upper": {"model": "minecraft:block/pitcher_crop_top_stage_2"},
    "age=3,half=lower":[
	{"model": "minecraft:block/pitcher_crop_bottom_stage_3"},
	{"model": "minecraft:block/pitcher_crop_bottom_stage_3", "x": 0, "y": 180},
	{"model": "minecraft:block/pitcher_crop_bottom_stage_3", "x": 0, "y": 90},
	{"model": "minecraft:block/pitcher_crop_bottom_stage_3", "x": 0, "y": 270}
	],
    "age=3,half=upper": {"model": "minecraft:block/pitcher_crop_top_stage_3"},
    "age=4,half=lower":[
	{"model": "minecraft:block/pitcher_crop_bottom_stage_4"},
	{"model": "minecraft:block/pitcher_crop_bottom_stage_4", "x": 0, "y": 180},
	{"model": "minecraft:block/pitcher_crop_bottom_stage_4", "x": 0, "y": 90},
  {"model": "minecraft:block/pitcher_crop_bottom_stage_4", "x": 0, "y": 270}
  ],
    "age=4,half=upper": {"model": "minecraft:block/pitcher_crop_top_stage_4"}
  }
}